[
  "",
  {
    "user": 6250933363,
    "produk": "Panel UNLI Private",
    "qty": 1,
    "total": 1098,
    "refCode": "DEP1769775759184402"
  },
  {
    "user": 6250933363,
    "produk": "Panel UNLI Private",
    "qty": 1,
    "total": 1098,
    "refCode": "DEP176977602726326",
    "chatId": 6250933363,
    "confirmMsgId": 757
  },
  {
    "user": 6250933363,
    "produk": "Alight Motion Private",
    "qty": 1,
    "total": 3598,
    "refCode": "DEP1769777515221153",
    "chatId": 6250933363,
    "confirmMsgId": 774
  }
]